title,url,publish_date,publish_time,source,ticker,sentiment,importance,summary,translate
"No Pain, No 100,000% Gain",https://www.fool.com/investing/2025/08/04/no-pain-no-100000-gain/,2025-08-05,00:45,Motley Fool,AMZN,Positive,3,"The article highlights the resilience required to hold AMZN stock, emphasizing that even a top-performing stock like AMZN faced periods of uncertainty. It suggests that AMZN's current success is a result of weathering past challenges.",บทความนี้เน้นย้ำถึงความอดทนที่จำเป็นในการถือหุ้น AMZN โดยเน้นว่าแม้แต่หุ้นที่มีผลการดำเนินงานดีเยี่ยมอย่าง AMZN ก็เคยเผชิญกับช่วงเวลาที่ไม่แน่นอน แสดงให้เห็นว่าความสำเร็จในปัจจุบันของ AMZN เป็นผลมาจากการฝ่าฟันความท้าทายในอดีต
Should You Buy Nvidia Stock Before Aug. 27? Here's What the Evidence Suggests.,https://www.fool.com/investing/2025/08/04/should-you-buy-nvidia-stock-before-aug-27-heres-wh/,2025-08-05,00:02,Motley Fool,AMZN,Neutral,1,"The article discusses whether investors should buy Nvidia (NVDA) stock before August 27th, focusing on the potential impact of the company's upcoming quarterly results on its stock price. It notes Nvidia's recent gains after a slow start to the year.",บทความนี้กล่าวถึงว่านักลงทุนควรซื้อหุ้น Nvidia (NVDA) ก่อนวันที่ 27 สิงหาคมหรือไม่ โดยเน้นที่ผลกระทบที่อาจเกิดขึ้นจากผลประกอบการรายไตรมาสที่กำลังจะมาถึงของบริษัทต่อราคาหุ้น มีการกล่าวถึงการเติบโตของ Nvidia ในช่วงหลัง หลังจากเริ่มต้นปีที่ไม่ดีนัก
"3 Popular Stocks to Consider as Earnings Approach: DIS, FTNT, SHOP",https://www.zacks.com/commentary/2664464/3-popular-stocks-to-consider-as-earnings-approach-dis-ftnt-shop,2025-08-04,23:39,Zacks Commentary,AMZN,Neutral,1,"The article identifies Disney, Fortinet, and Shopify as popular stocks to watch as their quarterly earnings are released on Wednesday, August 6th. It suggests these companies are portfolio-worthy and worth monitoring as their financial results are announced.","บทความนี้ระบุว่า Disney, Fortinet, และ Shopify เป็น popular stocks ที่น่าจับตามองเนื่องจากผลประกอบการรายไตรมาสจะถูกเผยแพร่วันพุธที่ 6 สิงหาคม บทความแนะนำว่าบริษัทเหล่านี้คุ้มค่าที่จะมีใน portfolio และควรติดตามเมื่อมีการประกาศผลประกอบการทางการเงิน"
Nasdaq 100 Correction in Play: Elliott Wave Flags W-4 Before W-5 Rally,https://www.investing.com/analysis/nasdaq-100-correction-in-play-elliott-wave-flags-w4-before-w5-rally-200664808,2025-08-04,22:22,Investing.com,AMZN,Neutral,3,"Technical analysis indicates the Nasdaq 100 is undergoing a corrective phase (Wave 4) before a potential rally to 24,560-25,575 (Wave 5). This suggests a short-term dip followed by a potential upward movement in the index.","การวิเคราะห์ทางเทคนิคชี้ให้เห็นว่า Nasdaq 100 กำลังอยู่ในช่วงปรับฐาน (Wave 4) ก่อนที่จะมีโอกาสปรับตัวขึ้นไปที่ 24,560-25,575 (Wave 5) ซึ่งบ่งชี้ถึงการลดลงในระยะสั้นตามด้วยการเคลื่อนไหวขึ้นในดัชนี"
"Watch These 3 ""Mag 7"" Stocks Showing Positive Momentum",https://www.zacks.com/stock/news/2663643/watch-these-3-mag-7-stocks-showing-positive-momentum,2025-08-04,19:00,Zacks Commentary,AMZN,Positive,5,"The article highlights AMZN, along with GOOGL and META, as exhibiting positive momentum and being top Driehaus-style momentum picks. This is attributed to strong earnings and uptrends.",บทความนี้เน้นว่า AMZN พร้อมด้วย GOOGL และ META แสดงให้เห็นถึง momentum ที่เป็นบวก และเป็นตัวเลือก momentum สไตล์ Driehaus อันดับต้น ๆ ซึ่งเป็นผลมาจากผลประกอบการที่แข็งแกร่งและแนวโน้มขาขึ้น
"META: Liquidity, Growth, and AI Fuel Institutional Appetite",https://www.zacks.com/commentary/2663473/meta-liquidity-growth-and-ai-fuel-institutional-appetite,2025-08-04,18:00,Zacks Commentary,AMZN,Positive,1,The article highlights Meta's strong performance driven by AI investments and consistent growth in revenue and earnings per share across its social media platforms. This positive momentum is attracting institutional investors.,บทความนี้เน้นถึงผลการดำเนินงานที่แข็งแกร่งของ Meta ซึ่งขับเคลื่อนโดยการลงทุนใน AI และการเติบโตอย่างต่อเนื่องของรายได้และกำไรต่อหุ้นในแพลตฟอร์ม Social Media ต่างๆ โมเมนตัมเชิงบวกนี้กำลังดึงดูดนักลงทุนสถาบัน
Just Released From Palmetto Publishing: New Adult Fantasy Novel Considers the Cost of Staying True to Oneself,https://www.globenewswire.com/news-release/2025/08/04/3126786/0/en/Just-Released-From-Palmetto-Publishing-New-Adult-Fantasy-Novel-Considers-the-Cost-of-Staying-True-to-Oneself.html,2025-08-04,18:00,GlobeNewswire Inc.,AMZN,Neutral,1,"Palmetto Publishing has released ""The Wolf's Possession,"" a new adult fantasy novel by Lady Safyer. The novel explores themes of self-discovery and power dynamics through the story of Krysdelena, the human daughter of a Vampyre King.","Palmetto Publishing ได้เปิดตัว ""The Wolf's Possession"" นิยาย fantasy สำหรับผู้ใหญ่เรื่องใหม่โดย Lady Safyer นิยายเรื่องนี้สำรวจธีมของการค้นพบตนเองและพลวัตของอำนาจผ่านเรื่องราวของ Krysdelena ลูกสาวมนุษย์ของ Vampyre King."
"ROKU Q2 Earnings Beat Estimates, Revenues Rise Y/Y, Stock Down",https://www.zacks.com/stock/news/2663409/roku-q2-earnings-beat-estimates-revenues-rise-yy-stock-down,2025-08-04,17:35,Zacks Commentary,AMZN,Positive,2,"ROKU reported a surprise Q2 profit and a 15% year-over-year revenue increase, driven by strong advertising performance, The Roku Channel's success, and partnerships with Disney. Despite the positive earnings report, the stock price declined.",ROKU รายงานผลกำไรที่น่าประหลาดใจในไตรมาสที่ 2 และรายได้เพิ่มขึ้น 15% เมื่อเทียบเป็นรายปี โดยได้แรงหนุนจากผลการดำเนินงานด้านโฆษณาที่แข็งแกร่ง ความสำเร็จของ The Roku Channel และความร่วมมือกับ Disney อย่างไรก็ตาม แม้ว่ารายงานผลประกอบการจะเป็นบวก แต่ราคาหุ้นกลับลดลง
Comparative Study: Amazon.com And Industry Competitors In Broadline Retail Industry - Amazon.com  ( NASDAQ:AMZN ) ,https://www.benzinga.com/insights/news/25/08/46830285/comparative-study-amazon-com-and-industry-competitors-in-broadline-retail-industry,2025-08-04,15:01,Benzinga,AMZN,Neutral,3,The article announces a comparative study of Amazon.com (AMZN) against its key competitors in the broadline retail industry. It highlights the importance of evaluating companies in the current competitive business environment.,บทความนี้ประกาศการศึกษาเปรียบเทียบ Amazon.com (AMZN) กับคู่แข่งหลักในอุตสาหกรรม broadline retail โดยเน้นถึงความสำคัญของการประเมินบริษัทต่างๆ ในสภาพแวดล้อมทางธุรกิจที่มีการแข่งขันสูงในปัจจุบัน
Utilities Witness Longest Win Streak Since 2009: ETFs to Play,https://www.zacks.com/stock/news/2662612/utilities-witness-longest-win-streak-since-2009-etfs-to-play,2025-08-04,15:00,Zacks Commentary,AMZN,Positive,1,"Utilities ETFs experienced significant gains in July, marking the sector's longest winning streak since 2009. ETFs like UTES, FXU, and FUTY saw substantial increases.","Utilities ETFs มีผลกำไรที่สำคัญในเดือนกรกฎาคม ซึ่งเป็นช่วงเวลาที่ sector มีผลกำไรต่อเนื่องยาวนานที่สุดตั้งแต่ปี 2009 ETFs เช่น UTES, FXU และ FUTY มีการเพิ่มขึ้นอย่างมาก"
"What Nvidia, Amazon, and Qualcomm Stock Investors Should Know About Recent Updates",https://www.fool.com/investing/2025/08/04/what-nvidia-amazon-and-qualcomm-stock-investors-sh/,2025-08-04,13:22,Motley Fool,AMZN,Negative,4,Amazon's stock price declined following its earnings report. The article questions whether this drop is an overreaction by the market.,ราคาหุ้นของ Amazon ลดลงหลังจากการรายงานผลประกอบการ บทความนี้ตั้งคำถามว่าการลดลงนี้เป็นการตอบสนองที่มากเกินไปของตลาดหรือไม่
Is Nvidia Stock Still a Buy?,https://www.fool.com/investing/2025/08/04/is-nvidia-stock-still-a-buy/,2025-08-04,13:15,Motley Fool,AMZN,Neutral,2,"The article questions whether Nvidia (NVDA) stock remains a good investment in 2025 after its strong performance, particularly in the AI sector. It essentially asks if the stock is still a ""top buy.""","บทความนี้ตั้งคำถามว่าหุ้น Nvidia ยังคงเป็นการลงทุนที่ดีในปี 2025 หลังจากผลการดำเนินงานที่แข็งแกร่ง โดยเฉพาะอย่างยิ่งในภาคส่วน AI โดยพื้นฐานแล้วถามว่าหุ้นนี้ยังคงเป็น ""top buy"" หรือไม่"
"Here is What to Know Beyond Why Amazon.com, Inc.  ( AMZN )  is a Trending Stock",https://www.zacks.com/stock/news/2661645/here-is-what-to-know-beyond-why-amazoncom-inc-amzn-is-a-trending-stock,2025-08-04,13:00,Zacks Commentary,AMZN,Neutral,2,"The article notes that Amazon (AMZN) is trending among Zacks.com users, suggesting increased investor attention. It implies an upcoming analysis of the stock's potential.",บทความนี้ระบุว่า Amazon (AMZN) กำลังเป็นที่นิยมในหมู่ผู้ใช้งาน Zacks.com ซึ่งบ่งชี้ถึงความสนใจที่เพิ่มขึ้นจากนักลงทุน โดยนัยยะคือจะมีการวิเคราะห์ศักยภาพของ stock ในอนาคตอันใกล้นี้
Should iShares Russell Top 200 Value ETF  ( IWX )  Be on Your Investing Radar?,https://www.zacks.com/stock/news/2661057/should-ishares-russell-top-200-value-etf-iwx-be-on-your-investing-radar,2025-08-04,10:20,Zacks Commentary,AMZN,Neutral,1,The article discusses whether the iShares Russell Top 200 Value ETF (IWX) should be considered for investment. It is a Style Box ETF report.,บทความนี้กล่าวถึงว่าควรพิจารณา iShares Russell Top 200 Value ETF (IWX) สำหรับการลงทุนหรือไม่ โดยเป็นรายงาน Style Box ETF
Could Shopify Help You Become a Millionaire?,https://www.fool.com/investing/2025/08/04/could-shopify-help-you-become-a-millionaire/,2025-08-04,09:23,Motley Fool,AMZN,Neutral,1,"The article discusses Shopify's potential to help individuals become millionaires, highlighting its impressive growth rate as an e-commerce services leader. The article does not directly mention AMZN or its performance.",บทความนี้กล่าวถึงศักยภาพของ Shopify ในการช่วยให้บุคคลทั่วไปเป็นเศรษฐี โดยเน้นถึงอัตราการเติบโตที่น่าประทับใจในฐานะผู้นำด้านบริการ e-commerce บทความนี้ไม่ได้กล่าวถึง AMZN หรือผลการดำเนินงานของบริษัทโดยตรง
2 Growth Stocks That Could Skyrocket in 2025 and Beyond,https://www.fool.com/investing/2025/08/04/2-growth-stocks-skyrocket-2025-beyond/,2025-08-04,07:14,Motley Fool,AMZN,Positive,2,"The article highlights two growth stocks poised for significant growth in 2025 and beyond, attributing their potential to strong tailwinds. While AMZN is not explicitly mentioned, the article's focus on growth stocks benefiting from positive market forces suggests a potentially favorable outlook for companies in similar sectors.",บทความนี้เน้นหุ้นเติบโตสองตัวที่มีแนวโน้มการเติบโตอย่างมากในปี 2025 และหลังจากนั้น โดยให้เหตุผลว่ามี tailwinds ที่แข็งแกร่ง แม้ว่า AMZN จะไม่ได้ถูกกล่าวถึงโดยตรง แต่การที่บทความเน้นไปที่หุ้นเติบโตที่ได้รับประโยชน์จากปัจจัยบวกของตลาด บ่งชี้ถึงแนวโน้มที่ดีสำหรับบริษัทในกลุ่มอุตสาหกรรมที่คล้ายกัน
"Prediction: This Unstoppable Stock Will Join Nvidia, Microsoft, and Apple in the $3 Trillion Club Before 2029",https://www.fool.com/investing/2025/08/03/prediction-this-unstoppable-stock-will-join-nvidia/?source=iedfolrf0000001,2025-08-04,01:02,The Motley Fool,AMZN,Neutral,2,"The article predicts that Meta Platforms could reach a $3 trillion market cap by 2029, citing growth in digital advertising, AI, and user base. The article mentions AMZN as one of the companies that could reach the $3 trillion market cap.","บทความคาดการณ์ว่า Meta Platforms อาจมีมูลค่าตลาดถึง 3 ล้านล้านดอลลาร์ภายในปี 2029 โดยอ้างถึงการเติบโตใน digital advertising, AI และฐานผู้ใช้ บทความกล่าวถึง AMZN ว่าเป็นหนึ่งในบริษัทที่อาจมีมูลค่าตลาดถึง 3 ล้านล้านดอลลาร์"
7 Things to Know About Amazon -- Some May Surprise You,https://www.fool.com/investing/2025/08/03/7-things-to-know-about-amazon-may-surprise-you/,2025-08-03,14:32,Motley Fool,AMZN,Positive,3,"The article highlights the significant growth of Amazon since its IPO, emphasizing the substantial return on investment for early shareholders. It suggests that a single share purchased at the IPO would now be worth tens of thousands of dollars.",บทความนี้เน้นย้ำถึงการเติบโตอย่างมากของ Amazon ตั้งแต่ IPO โดยเน้นถึงผลตอบแทนจากการลงทุนที่สำคัญสำหรับผู้ถือหุ้นในช่วงแรก โดยระบุว่าหุ้นเดียวที่ซื้อเมื่อตอน IPO จะมีมูลค่าหลายหมื่นดอลลาร์ในปัจจุบัน
"Consumer Tech News  ( July 28-August 1 ) : Earnings From Apple, Microsoft, and Amazon Offset by Fed Jitters, Tariff Woes - Apple  ( NASDAQ:AAPL ) , Amazon.com  ( NASDAQ:AMZN ) ",https://www.benzinga.com/markets/equities/25/08/46816876/consumer-tech-news-july-28-august-1-earnings-from-apple-microsoft-and-amazon-offset-by-fed-jitte,2025-08-03,12:00,Benzinga,AMZN,Neutral,3,"Amazon, along with Apple, Microsoft, and Meta, exceeded earnings expectations, indicating strong demand despite economic uncertainty. However, concerns about a potential recession, fueled by Federal Reserve actions and weak jobs data, tempered the positive impact of these strong tech earnings.","Amazon, ร่วมกับ Apple, Microsoft และ Meta, มีผลประกอบการสูงกว่าที่คาดการณ์ไว้ แสดงให้เห็นถึงความต้องการที่แข็งแกร่งแม้จะมีความไม่แน่นอนทางเศรษฐกิจ อย่างไรก็ตาม ความกังวลเกี่ยวกับภาวะเศรษฐกิจถดถอยที่อาจเกิดขึ้น ซึ่งได้รับแรงหนุนจากการกระทำของ Federal Reserve และข้อมูลการจ้างงานที่อ่อนแอ ได้ลดทอนผลกระทบเชิงบวกของผลประกอบการที่แข็งแกร่งของกลุ่มเทคโนโลยีเหล่านี้"
What Happened to BlackBerry  ( BB )  Stock This Year?,https://www.fool.com/investing/2025/08/03/what-happened-to-bb-this-year/,2025-08-03,10:20,Motley Fool,AMZN,Negative,1,The article discusses BlackBerry (BB) and its ongoing struggle to establish itself in the automotive and cybersecurity software markets. It suggests the company is still trying to find its footing.,บทความนี้กล่าวถึง BlackBerry (BB) และความพยายามอย่างต่อเนื่องในการสร้างตัวเองในตลาด automotive และ cybersecurity software โดยชี้ให้เห็นว่าบริษัทยังคงพยายามที่จะหาที่ยืนของตนเอง
