publish_date,publish_time,title,body_text,url
2025-07-09,02:30,Bitcoin price today: sticks near $109k as traders await tariff fallout By Investing.com,"Investing.com-- gained slightly on Wednesday, continuing its tepid moves as investors remain sidelined amid new U.S. tariff announcements and looked ahead to the upcoming “crypto week” in mid-July for potential regulatory clarity.

The world’s largest cryptocurrency rose 0.4% to $108,720.20 as of 02:25 ET (06:25 GMT).

The token has traded mostly flat since last week, as traders refrained from making significant moves due to ongoing uncertainty surrounding U.S. trade agreements.

Investors await more Trump tariff action

President Trump said on Tuesday that he would impose a 50% tariff on imported and would soon roll out long-promised duties on semiconductors and pharmaceuticals.

A day earlier, he started sending tariff letters, where he notified 14 countries that sharply higher tariffs would take effect on August 1.

The tariff letters outlined a 25% levy on all goods from Japan and South Korea, while some nations face up to 40% tariffs.

Late Tuesday, Trump wrote on social media, “We will be releasing a minimum of 7 Countries having to do with trade, tomorrow morning, with an additional number of Countries being released in the afternoon.”

He provided no further details, while investors turned cautious in anticipation of a new wave of tariffs.

New tariffs have stoked fears of a global economic slowdown, leading investors to reduce exposure to riskier assets like cryptocurrencies.

Looking ahead, investors are focused on “Crypto Week” starting July 14, when U.S. lawmakers in Washington are expected to push forward at least three major bills aimed at regulating digital assets.

Trump Media files for another crypto ETF

Trump Media & Technology Group Corp (NASDAQ: ) filed with the U.S. Securities and Exchange Commission on Tuesday seeking approval to launch a new ""Crypto Blue Chip ETF"" later this year.

The proposed product would hold a mix of major digital assets, including Bitcoin, Ethereum, Solana, and , allowing mainstream investors to access crypto without owning tokens directly.

Approval would mark a notable expansion of Trump-linked ventures into cryptocurrency investing.

The news comes after Trump Media last month filed for two ETFs.

Crypto price today: most altcoins gain, Polygon jumps 7%

Most altcoins gained on Wednesday, tracking modest gains in the biggest cryptocurrency.

World no.2 crypto rose 2.6% to $2,626.69.

World no. 3 crypto jumped 3.2% to $2.337.

rose 2.4%, and climbed 3.5%, while Polygon surged 7.2%.

Among meme tokens, added 2.4%, while rose 1.6%.",https://www.investing.com/news/cryptocurrency-news/bitcoin-price-today-sticks-near-109k-as-traders-await-tariff-fallout-4127533
2025-07-09,01:34,Gold prices pressured by dollar strength; Copper hits record high on Trump tariff By Investing.com,"Investing.com-- Gold prices fell in Asian trade on Wednesday, seeing limited safe haven demand as uncertainty over U.S. trade tariffs and interest rates pushed traders towards the dollar.

U.S. copper prices were an outlier among major metals, rallying to record highs after President Donald Trump threatened to impose a 50% tariff on imports of the red metal.

London copper futures sank on Tuesday and Wednesday.

Broader metal prices also broadly retreated amid pressure from a stronger dollar, which largely maintained its rebound from recent three-year lows.

fell 0.2% to $3,294.88 an ounce, while for September fell 0.4% to $3,303.20/oz by 00:55 ET (04:55 GMT).

Gold, metal prices pressured by dollar recovery

Gold was close to its weakest level in nine days, as uncertainty over Trump’s trade tariffs did not translate into haven demand for the yellow metal as seen earlier.

Traders were seen pivoting into a heavily discounted dollar, which sustained a rebound from recent three-year lows amid growing bets that the Federal Reserve will not cut interest rates in the near-term, following strong payrolls data from last week.

Uncertainty over Trump’s tariffs also kept traders biased towards the dollar, as the president began issuing letters outlining steep tariffs against several major economies this week.

The Fed has warned that Trump’s tariffs at their intended levels could push up U.S. inflation, lessening the chances of interest rate cuts in the coming months.

Strength in the weighed on broader metal prices, with the precious metals sector being vulnerable to profit-taking after logging strong gains through June.

Platinum and silver prices were nursing some losses this week after racing to multi-year highs in June. fell 1.1% to $1,376.35/oz, while rose slightly to $36.838/oz.

US copper prices hit record highs on Trump tariff threat

U.S. rose 2.6% to $5.6457 a pound on Wednesday, after hitting a record high of $5.8955 a pound on Tuesday.

U.S. prices of the red metal were boosted chiefly by bets on tighter domestic supplies, after Trump threatened to impose a 50% tariff on copper imports. Such a move stands to greatly benefit domestic copper producers, the most prominent being Freeport-McMoran (NYSE: ).

Trump said the move was aimed at shoring up domestic copper production and reducing the U.S.’ reliance on imports of the red metal. Copper has come increasingly into focus over its role in electricity transmission and electric vehicles, both of which are crucial to the green energy transition.

Copper prices outside the U.S., however, slid on concerns over weaker U.S. import demand. Benchmark on the London Metal Exchange fell 1.6% to a near three-week low of $9,644.45 a ton.

Concerns over softer demand in top importer China also weighed, following a mixed inflation print from the country.",https://www.investing.com/news/commodities-news/gold-prices-pressured-by-dollar-strength-copper-hits-record-high-on-trump-tariff-4127491
2025-07-09,00:42,Apple to bid for Formula 1 rights in US amid success of Brad Pitt film- FT By Investing.com,"Investing.com-- Apple Inc (NASDAQ: ) is in talks to acquire the U.S. rights to broadcast Formula 1 after the success of its movie based on the race car series, the Financial Times reported on Wednesday.

The iPhone maker plans to challenge Disney-ESPN’s current role as the F1 broadcaster in America when the contract becomes available for bidding next year, the FT report said, citing two people familiar with the discussions.

The move comes following the box office success of Apple-produced F1 starring Brad Pitt, the company’s first major theatrical hit since it began producing original content for its Apple TV+ streaming service.

F1 generated just over $300 million at the box office, against a reported budget of between $200 million and $300 million.

Apple’s interest in F1 also comes as the company seeks to gain a greater foothold in the live sports streaming market. The iPhone maker had in 2022 struck a deal with Major League Baseball to broadcast Friday night games, as well as a deal with North America’s Major League Soccer.

F1 is yet to decide on its future broadcasting plans, and ESPN may still retain the rights, the FT report said. ESPN held an exclusive period to negotiate a deal with the car racing series, although that window closed without a deal last year.",https://www.investing.com/news/stock-market-news/apple-to-bid-for-formula-1-rights-in-us-amid-success-of-brad-pitt-film-ft-4127454
2025-07-08,23:34,"Super Micro to ramp up Europe manufacturing amid AI demand, CEO Liang tells CNBC By Investing.com","Investing.com-- Super Micro Computer Inc (NASDAQ: ) plans to increase its investment in Europe and ramp up its manufacturing of artificial intelligence servers in the region, CEO Charles Liang told CNBC in an interview aired on Wednesday.

Liang flagged fast-growing demand in Europe for more AI infrastructure, of which the company’s servers are a key component. Super Micro sells servers packed with Nvidia (NASDAQ: ) chips, which are used to provide computing power for generative AI models.

“Because the demand in Europe is growing very fast, so I already decided, indeed, [there’s] already a plan to invest more in Europe, including manufacturing,” Liang told CNBC.

“The demand is global, and the demand will continue to improve in (the) next many years.”

Super Micro currently has manufacturing facilities in the Netherlands, but could build new units elsewhere in Europe.

Super Micro rode a wave of increasing AI demand over the past two years, amid rapidly growing adoption of gen AI technology. Server infrastructure plays a key role in running AI models.

But the company’s shares hit a snag in 2024 on concerns over its accounting and financial statements, especially after it delayed filing its 2024 financial report.

These fears, however, were assuaged after Super Micro filed its 2024 financial report in February this year.

Super Micro shares are trading up about 63% so far in 2025, but are down roughly 60% from an early-2024 record high.",https://www.investing.com/news/stock-market-news/super-micro-to-ramp-up-europe-manufacturing-amid-ai-demand-ceo-liang-tells-cnbc-4127426
2025-07-08,22:47,"Asia stocks dither amid Trump tariff fears, mixed China inflation By Investing.com","Investing.com-- Most Asian stocks moved in a flat-to-low range on Wednesday as investors remained uncertain over the full scope of U.S. President Donald Trump’s trade tariffs, while mixed inflation data from China also weighed.

Asian markets took a weak lead-in from Wall Street, which logged a muted overnight session as Trump threatened more trade tariffs, this time on and pharmaceutical imports. Trump’s threat came after he began issuing letters to major economies outlining U.S. tariffs on their imports.

were flat in Asian trade.

Regional markets were also caught off guard by the Reserve Bank of Australia not cutting rates as expected on Tuesday, with Australian stocks extending their losses.

China shares muted, HK dips after middling inflation data

China’s and indexes rose about 0.2% apiece, while Hong Kong’s index sank about 0.9%.

Government data released on Wednesday showed Chinese inflation improved marginally in June, beating expectations but still remaining relatively subdued.

While consumer inflation did take some support from government subsidies and e-commerce shopping events in June, Capital Economics analysts expect this boost to fade out in the coming months.

inflation shrank more than expected and marked a 33rd consecutive month of contraction. The print was also at its lowest level since July 2023.

Wednesday’s inflation data showed China’s deflationary trend still remained largely in play, despite efforts by Beijing to shore up local spending. Local producers are also grappling with sluggish overseas demand, amid relatively high U.S. tariffs on the country.

China on Tuesday warned that U.S. against reigniting a trade war between the two countries, especially as Trump harshened his tariff rhetoric this week.

Asia stocks rangebound as Trump tariff jitters persist

Broader Asian markets moved in a tight range on Wednesday, as traders sought more clarity on Trump’s tariff plans. The president on Monday released letters outlining steep tariffs against several Asian economies, although he also postponed the effective date of his tariffs to August 1 from July 9.

This spurred some hopes that trade deals with Washington could be reached, although the outlook still remained unclear.

South Korea’s rose 0.2% and Japan’s rose 0.3% on Wednesday, while the traded flat.

Australia’s fell 0.3% as Trump’s copper tariff threat pressured local mining stocks. Australian shares were also rattled by the RBA unexpectedly on Tuesday, against broad market expectations for a 25 basis point cut.

Singapore’s index rose 0.2%, while for India’s index pointed to a flat open. India was not named in Trump’s first batch of tariff letters, spurring some hopes that a Washington-New Delhi trade deal was near.",https://www.investing.com/news/stock-market-news/asia-stocks-dither-amid-trump-tariff-fears-mixed-china-inflation-4127419
2025-07-08,17:43,China’s ambitious AI push faces supply roadblock in Nvidia chip haul,"Investing.com -- Chinese tech firms have laid out plans to install more than 115,000 Nvidia (NASDAQ: ) AI chips in at least three dozen data centers across remote western provinces, including a massive compound in Xinjiang, according to a Bloomberg News analysis. That level of infrastructure, if established, could be sufficient to support advanced artificial intelligence systems on par with foundational models like DeepSeek.

The proposed expansion marks a striking ambition by Beijing to build up domestic computing power, even as restrictions from Washington threaten to stall such aspirations. Amid President Xi Jinping’s calls for breakthroughs in core technologies, AI R&D has emerged as a focal point for civil and military innovation.

Yet the supply chain for this endeavor remains cloaked in uncertainty. The Nvidia chips in question are subject to stringent U.S. export controls, first imposed in 2022, and cannot be legally sold to China without government-issued licenses, which have not been granted to date.

The filings reviewed by Bloomberg omit details on how Chinese companies intend to acquire the restricted chips lawfully. Moreover, both the companies named and government officials in Beijing have declined to explain their sourcing strategies, raising questions about feasibility and compliance.

To assess the plausibility of such a large-scale acquisition, Bloomberg interviewed more than a dozen individuals familiar with U.S. investigations into unauthorized chip exports, as well as sources with insight into the Chinese black market. None had prior knowledge of the plan to concentrate so many high-end chips in a facility in Xinjiang.

All sources confirmed the likely presence of some banned Nvidia semiconductors in China, but uniformly expressed skepticism about the country’s ability to coordinate a covert network capable of delivering such high volumes undetected. The consensus, they said, was that any current underground trade couldn’t sustain an operation of this scale.

Estimates among U.S. investigators and officials vary widely, underscoring the lack of reliable data on exports and ending-use monitoring. While some contacts cited tens of thousands of chips potentially in circulation, with Bloomberg reporting, “Two senior Biden administration officials said they believe there are around 25,000 banned Nvidia chips in China — a number that, one of them added, would not be terribly concerning.”

Even at that level, officials noted that such a volume of high-end chips would be sufficient to operate only a mid-sized data center, far short of the scale outlined in Chinese planning documents. Without a clear pipeline to legally acquire chips at scale, China’s AI goals may remain constrained by the limits of global semiconductor governance.",https://www.investing.com/news/stock-market-news/chinas-ambitious-ai-push-faces-supply-roadblock-in-nvidia-chip-haul--bloomberg-4127359
2025-07-08,16:37,Apple names Sabih Khan as chief operating officer By Investing.com,"Apple Inc. (NASDAQ: ) announced that Sabih Khan will become chief operating officer later this month, succeeding Jeff Williams in a planned leadership transition.

Khan, who has been with Apple for 30 years and currently serves as senior vice president of Operations, will take over the COO role from Williams, who will continue reporting to CEO Tim Cook while overseeing the design team and Apple Watch alongside health initiatives until his retirement later this year.

The design team will report directly to Cook after Williams retires, according to the company’s press release.

""Sabih is a brilliant strategist who has been one of the central architects of Apple’s supply chain,"" said Cook. ""While overseeing Apple’s supply chain, he has helped pioneer new technologies in advanced manufacturing, overseen the expansion of Apple’s manufacturing footprint in the United States, and helped ensure that Apple can be nimble in response to global challenges.""

Khan joined Apple’s executive team as senior vice president of Operations in 2019 and has managed the company’s global supply chain for six years. His responsibilities include product quality, planning, procurement, manufacturing, logistics, and product fulfillment functions.

Williams, who has been with Apple for 27 years, built the company’s supply chain and led development of the Apple Watch. He also architected Apple’s health strategy and has overseen the design team in recent years.

""I have a deep love for Apple. Working with all of the amazing people at this company has been a privilege of a lifetime,"" Williams said. ""Beginning next year, I plan to spend more time with friends and family, including five grandchildren and counting.""

Before joining Apple in 1995, Khan worked at GE Plastics as an applications development engineer. He holds bachelor’s degrees in economics and mechanical engineering from Tufts University and a master’s degree in mechanical engineering from Rensselaer Polytechnic Institute.",https://www.investing.com/news/assorted/apple-names-sabih-khan-as-chief-operating-officer-432SI-4127275
2025-07-08,16:25,Jeff Bezos sells nearly 3 million Amazon shares By Investing.com,"Risk Disclosure: Trading in financial instruments and/or cryptocurrencies involves high risks including the risk of losing some, or all, of your investment amount, and may not be suitable for all investors. Prices of cryptocurrencies are extremely volatile and may be affected by external factors such as financial, regulatory or political events. Trading on margin increases the financial risks.

Before deciding to trade in financial instrument or cryptocurrencies you should be fully informed of the risks and costs associated with trading the financial markets, carefully consider your investment objectives, level of experience, and risk appetite, and seek professional advice where needed.

Fusion Media would like to remind you that the data contained in this website is not necessarily real-time nor accurate. The data and prices on the website are not necessarily provided by any market or exchange, but may be provided by market makers, and so prices may not be accurate and may differ from the actual price at any given market, meaning prices are indicative and not appropriate for trading purposes. Fusion Media and any provider of the data contained in this website will not accept liability for any loss or damage as a result of your trading, or your reliance on the information contained within this website.

It is prohibited to use, store, reproduce, display, modify, transmit or distribute the data contained in this website without the explicit prior written permission of Fusion Media and/or the data provider. All intellectual property rights are reserved by the providers and/or the exchange providing the data contained in this website.

Fusion Media may be compensated by the advertisers that appear on the website, based on your interaction with the advertisements or advertisers.",https://www.investing.com/news/assorted/jeff-bezos-sells-nearly-3-million-amazon-shares-432SI-4127250
2025-07-08,08:04,"These could be the 5 biggest pain trades in the second half, HSBC says By Investing.com","Investing.com - Many investor views have become widely held in the early days of the second half of 2025, potentially leaving markets vulnerable if these opinions reverse, according to analysts at HSBC.

In a note to clients, the brokerage said a ""broad-based melt-up"" has been continuing in risk assets, referring to a rapid jump in stocks underpinned by investor enthusiasm rather than by wider market fundamentals.

The passage of a sweeping U.S. budget bill last week, White House trade negotiations, relatively lower Treasury yields, and resilient labor demand have all been ""defying doom-and-gloom calls"" and ""record-high"" policy uncertainty, the analysts said.

At the same time, they predicted that tariff-related headlines are unlikely to cause the stock and bond market ructions experienced after the unveiling of President Donald Trump’s punishing ""Liberation Day"" duties in early April.

Against this backdrop, ""a lot of views going into the second half have become quite consensus,"" the HSBC analysts said, adding that some of their indicators have shown increased signs that these positions are now becoming ""stretched,"" possibly exposing these to quick reversals.

This has raised the possibility of several ""pain trades,"" or a market movement that inflicts losses on the majority of investors positioned in a particular direction, arising in the final six months of 2025, the analysts argued.

An outperformance in U.S. equities against the rest of the world -- after questions have swirled around the allure of American assets for months -- would be one of these trades, they said.

U.S. and global growth not decelerating strongly in the face of tariff-fueled uncertainty, as predicted by many economists, may be another, as well as a comeback in the beleaguered U.S. dollar.

Yield curve ""flatteners"" would be yet one more, especially amid the recent popularity of a trade involving bullish bets on short-dated Treasuries and a reduction of longer-dated exposure. These ""steepener"" trades push yields on longer-dated Treasuries higher than short-term maturities.

Finally, an unwinding of the emerging market carry trade -- a tactic that calls for borrowing in low-yielding currencies to invest in higher-yielding EM ones -- was cited as another potential ""pain trade"" candidate.",https://www.investing.com/news/stock-market-news/these-could-be-the-5-biggest-pain-trades-in-the-second-half-hsbc-says-4126375
2025-07-08,07:24,’It’s dangerous to underestimate Corporate America’: BofA ups S&P 500 target By Investing.com,"Investing.com -- Bank of America raised its year-end target to 6,300 from 5,600, citing the resilience of U.S. corporations despite persistent macroeconomic uncertainty.

In a note Tuesday, the bank’s analysts wrote, “It’s dangerous to underestimate Corporate America,” and admitted, “Mea culpa for ignoring our own advice (above) on Liberation Day.”

The firm also introduced a 12-month target of 6,600, saying a lower equity risk premium (ERP) assumption now offsets the headwinds from elevated sovereign yields.

“The resiliency of large public companies in the face of macro uncertainty leads us to lower our equity risk premium (ERP) assumption,” BofA said.

While acknowledging that “policy uncertainty is near all-time highs and sovereign yields are at multi-decade highs,” BofA believes the outlook is brighter for equities than bonds.

“Price return is only half the story – dividends are likely to contribute more from here,” the analysts wrote. “Aging demographics and sticky inflation create a compelling supply/demand case for inflation-proof income and easily favors stocks over bonds.”

In the near term, BofA noted that momentum could slow, saying the S&P 500’s run “into Q3” lacks an obvious catalyst. “Negative guidance and revisions in April/May have improved to average levels but economic surprises have broken down,” it said.

However, looking further ahead, BofA is more constructive: “Deregulation and a pick-up in business investment could buoy markets ahead of mid-term elections.”

Even with modest long-term price returns projected from today’s elevated multiples, BofA remains bullish. “Corporate transparency has remained intact,” the analysts concluded, adding that since COVID, “corporates either adapted or dropped out of the index.”",https://www.investing.com/news/stock-market-news/its-dangerous-to-underestimate-corporate-america-bofa-ups-sp-500-target-4126179
2025-07-08,07:23,Could a summer crisis in markets happen again in 2025? Deutsche Bank weighs in By Investing.com,"Investing.com - Speculation around a potential bout of financial market turmoil is rising as the height of summer approaches, according to analysts at Deutsche Bank.

In a note to clients, the brokerage flagged that liquidity is currently thin, which can contribute to increased market ructions, while the third quarter is historically when the biggest spikes occur in the volatility gauge.

They added that ""many crises"" in the past ""have begun in the late-summer period,"" noting that a slew of market-shaking events occurred in August -- including an unwinding of the yen carry trade in 2024, surging gas prices and hawkish Federal Reserve rhetoric in 2022, and fears of a Greek exit from the euro area in 2015.

Several factors could similarly upset markets this summer, the analysts argued.

The threat of now-delayed elevated U.S. tariffs on a range of countries kicking in on August 1 is one ""contender,"" they said. U.S. President Donald Trump sent letters to 14 countries on Monday detailing their heightened levies, leaving the door open for more negotiations but still retaining the risk that these punishing duties could soon snap back into place.

Concerns are also swirling around U.S. fiscal policy, the Deutsche analysts said. Trump’s sprawling tax-cuts and spending package, which he signed into law last week, is estimated to add to the U.S.’s ballooning debt pile and expand the government’s budget deficit.

""And of course, there’s the unknown factors (like the yen carry trade unwind in 2024) that we haven’t even considered,"" the analysts said.

However, they noted that markets have so far proven to be ""remarkably resilient"" this year, even as many economists have predicted that the tariffs could dent economic activity and drive up inflationary pressures. Policymakers have also shown a willingness to react to turmoil in the financial markets as well, the analysts said.

""So market dynamics are acting as a constraint on policy and, as long as that remains the case, it would take a bigger shock that policy can’t fix to cause long-lasting market turmoil,"" they added.",https://www.investing.com/news/stock-market-news/could-a-summer-crisis-in-markets-happen-again-in-2025-deutsche-bank-weighs-in-4126178
2025-07-08,07:12,Wall Street analyst warns this is a tipping point in the Tesla story By Investing.com,"Investing.com -- Wedbush’s Dan Ives believes Tesla’s story is at its “tipping point,” urging the company’s board to take decisive action over Elon Musk’s growing political ambitions.

Ives warned that Musk’s decision to officially launch a new political party, dubbed the “America Party,” could become a serious distraction just as Tesla (NASDAQ: ) enters a critical growth phase.

“Tesla is heading into one of the most important stages of its growth cycle with the autonomous and robotics future now on the doorstep,” the analyst said, adding that the company “cannot have Musk spending more and more time creating a political party which will require countless time, energy, and political capital.”

Musk’s party plans to run candidates in the 2026 U.S. midterm elections, a move that could put him at odds with the Trump administration.

This, Ives argues, is “exactly the opposite of what Tesla shareholders want to see with a very important autonomous regulatory framework now on the horizon.”

The analyst proposed three immediate steps for the Tesla board to take.

First, he suggests a new incentive-driven pay package that would increase Musk’s voting power to about 25% and solidify his role as CEO through at least 2030.

“This would also create a framework that potentially Musk could drive Tesla to merge with xAI and create one of the most powerful AI companies in the world under one roof over the next 12 to 18 months,” Ives continued.

Second, he believes the board should introduce requirements on how much time Musk must dedicate to Tesla operations.

Third, Ives urges the board to establish a special oversight committee to monitor any political activities that could interfere with Musk’s leadership role.

“The Board cannot control Musk’s donations...but they can have oversight if his political ambitions/endeavors interfere with his role as CEO of Tesla,” Ives said.

The analyst believes that Musk remains essential to Tesla’s success, particularly in the emerging AI and robotics markets. Alongside Nvidia (NASDAQ: ), he views Tesla as one of the “two best physical AI companies in the world.”

“We urge the Board to act now and move the Tesla story forward with Musk as CEO,” the note concluded.",https://www.investing.com/news/stock-market-news/wall-street-analyst-warns-this-is-a-tipping-point-in-the-tesla-story-4126145
2025-07-08,06:56,"Trump tariff announcements represent ""mixed news"" for markets, Wolfe Research says By Investing.com","Investing.com - U.S. President Donald Trump’s flurry of tariff announcements in recent days, including his new proposed levies on a slew of countries, represent ""decidedly mixed news"" for financial markets, according to analysts at Wolfe Research.

On Monday, Trump said he had sent letters to 14 different nations detailing new, heightened U.S. import tariffs, although he moved back the date when the duties would take effect from July 9 to August 1.

Among the tariffs, he proposed a 25% levy on major suppliers South Korea and Japan, along with a 30% levy on South Africa, a 32% duty on Indonesia, 35% on Bangladesh, and 36% on Thailand.

The president later told reporters that the August 1 deadline was not ""100% firm,"" and that he remained open to more trade talks and potential deals.

Notably, the higher tariffs will not combine with previously announced sector tariffs such as those on automobiles, steel, and aluminum. Crucially, letters were not sent to India and the European Union, which analysts and media reports interpreted as an indication that possible trade deals may be imminent.

Treasury Secretary Scott Bessent said he expected to announce more trade deals in the coming days.

In a note to clients, the Wolfe Research analysts said the new tariff rates, when combined with a preliminary trade deal reached with Vietnam last week, would add $54 billion in annual government revenues.

However, they flagged that the tariff deadline extension essentially pushes out a 90-day pause that was previously instituted after Trump announced his punishing ""reciprocal"" levies in April -- and does not remove the threat of elevated tariffs snapping back into place in the weeks ahead.

Yet investors remain largely reassured by the belief that Trump will be flexible in ongoing trade negotiations and is not keen to see markets roil as they did in the wake of his ""Liberation Day"" event, the strategists said.

As a result, traders will ""keep treating the new tariff numbers as a theoretical proposition until they actually take effect, but we continue to lean concerned rather than reassured on net,"" the analysts noted.

""At a very basic level, nothing actually happened based on Trump sending these letters, so there’s no reason to panic over headlines. But we think these moves do contain some signal about where the trade war is heading, and that signal is mostly hawkish.""",https://www.investing.com/news/stock-market-news/trump-tariff-announcements-represent-mixed-news-for-markets-wolfe-research-says-4126073
2025-07-08,06:26,Tesla bull Adam Jonas warns investors may need to brace for more distractions By Investing.com,"Investing.com -- Tesla shares fell following CEO Elon Musk’s surprise announcement that he intends to launch a new political party, prompting Morgan Stanley’s Adam Jonas to caution that investors should be prepared for more distractions.

In a note on Tuesday, Jonas wrote, “We believe investors should be prepared for further devotion of resources (financial, time/attention) in the direction of Mr. Musk’s political priorities which may add further near-term pressure to TSLA shares.”

He described Musk’s recent political activity as “part of a planned strategy to achieve a specific goal” and noted it was designed to “bring maximum public attention to a range of issues.”

Despite the political headlines, Tesla’s second-quarter vehicle deliveries came in roughly in line with Morgan Stanley estimates at 384,000, beating what Jonas called “a low buy side bar” of 350,000 to 360,000.

However, deliveries were still down 14% year-over-year, and Morgan Stanley forecasts volumes will decline by 13% in the second half of 2025.

As Tesla (NASDAQ: ) shifts focus toward robotics and AI, Jonas highlighted the potential market value of humanoid robots.

“Tesla has 125,665 employees worldwide (year-end 2024). On our calculations, a 10% substitution to humanoid at approximately ($200k NPV/humanoid) could be worth approximately $2.5bn,” he wrote, adding that similar opportunities exist for legacy automakers like GM.

The note also flagged that Tesla’s energy storage deployments were flat year over year at 9.6 GWh, missing Morgan Stanley’s estimate of 14 GWh.

With earnings due July 23, Jonas expects Tesla to highlight its robotaxi roadmap and possibly hold an AI Day in the fall to recruit applied AI and robotics talent.",https://www.investing.com/news/stock-market-news/tesla-bull-adam-jonas-warns-investors-may-need-to-brace-for-more-distractions-4125987
2025-07-08,04:59,Citi’s Montagu: Profit-taking risks elevated as Nasdaq positioning stretched By Investing.com,"Investing.com -- Nasdaq positioning has become increasingly stretched, raising near-term risks of profit-taking, according to Citigroup (NYSE: ) strategists led by Chris Montagu. Amid a strong bullish momentum, U.S. equity markets continue to attract new long positions, particularly in the tech-heavy .

The bank’s positioning model places Nasdaq at the top of its global equity ranking, with a normalized score of +4.6 for positioning and +4.0 for Profit and Loss (PnL), both near the upper bounds of Citi’s scale.

Weekly activity in U.S. equities was “almost exclusively one-sided,” strategists note, as investors continued to build risk exposure.

Net gross positioning in the also rose, while followed with a high percentile ranking. However, Nasdaq futures showed the highest net long notional at $37.5 billion, ranking in the 99th percentile for long exposure.

While the U.S. remains firmly bullish, Citi points out diverging trends elsewhere. In Europe, investor positioning remains neutral, with the seeing reduced bullishness for a fourth consecutive week.

European , however, maintained moderately positive levels.

In Asia, positioning in the and also picked up, with China A50 registering the largest one-week change in net positioning among tracked indices.

However, Citi flagged that KOSPI’s profit levels are stretched on a three-month basis, suggesting higher downside risk.

The report comes ahead of potential market-moving developments, as the U.S. tariff pause is set to expire this week. While Citi foreign exchange (FX) strategists view a 10% U.S.-EU tariff rate as the base case, risks to the outlook remain tilted to the downside.

“Despite on-going global trade uncertainty, investors continue to open new long positions in the major U.S. indices,” Citi said.

But as Nasdaq positioning hits extreme levels, Montagu and his team caution that investors may begin locking in gains.",https://www.investing.com/news/stock-market-news/citis-montagu-profittaking-risks-elevated-as-nasdaq-positioning-stretched-4125816
2025-07-08,03:55,"With 15%+ winners in July, these AI-picked stocks are now up 114% By Investing.com","Investing.com -- With the market turning from a series of subsequent all-time highs to a more cautious stance on a lower perceived risk-premium for the at current levels, finding stocks able to push higher has become more difficult than before.

But while big names such as Tesla (NASDAQ: ), Nvidia (NASDAQ: ), and Apple (NASDAQ: ) have been moving mostly sideways to lower since the start of July, other lesser-known stocks with more attractive entry points are staging a catch-up rally.

Such is the case for Datadog (NASDAQ: ) - one of the AI-picked stocks sent to our users at the start of July for less than $7 a month.

Since the start of July, Datadog has posted a massive 15% gain, helping push the outperformance of our AI’s tech portfolio against the S&P 500 to a solid 8.89% year-to-date, even as the market notched a series of all-time highs.

Not only that, but after picking 95% winners in June, our list of picks for July is on a similar path, currently with 87% of stocks in the green. Another standout name so far in July is Advance Auto Parts (NYSE: ), up 9.60% since being added to the list on the first of the month.

*InvestingPro members can jump straight to the list of picks using this link.

This adds to the series of winners from earlier this year that are still part of our AI’s list of picks. Such as:

ON Semi (NASDAQ: ): 37.90% since picked.

Qorvo (NASDAQ: ): 24.68% since picked.

Heico (NYSE: ): 37.08% since picked.

Among several others rallying big-time, including winners that have already been dropped from the list, such as:

Super Micro Computer (NASDAQ: ): +185.8% while within the list of picks.

MicroStrategy Incorporated (NASDAQ: ): +94.9% while within the list of picks.

Nvidia (NASDAQ: ): +226.4% while within the list of picks.

Pushed by these results, the full portfolio (strategy) of AI-powered picks is now up a game-changing +114.76% since launch in November, outperforming the S&P 500 by 75.97%.

*These are real-world results. Not backtested or fictional numbers.

And, for global investors, since the start of 2025, we also offer AI-powered lists of non-US stocks. Attesting to the strength of the models based on 150+ investment-grade metrics, these strategies are also beating their respective benchmarks. See below:

No black box investing

On top of providing fresh picks for the month ahead, our AI also explains exactly why it picked that given stock, helping its users ensure the picks align with their goals and risk tolerance.

Below is its rationale for picking On Semi stock, one of our standout winners for June:

But how does the AI do it?

At the start of each month, our AI refreshes each strategy with up to 20 stock picks. These selections are based on a blend of more than 150 well-established financial models compiled by our machine learning model on over 15 years of financial data worldwide.

Some stocks are added, others retained, and a few are removed, reflecting how the model reassesses each company’s medium-term growth potential.

To track performance, each strategy uses equal weighting across all selected stocks. While you’re not required to follow that weighting exactly, it offers a consistent benchmark to evaluate how well the model identifies opportunities across the board.

At the end of the day, stock picking is still a game of probabilities. But the key isn’t just finding winners — it’s knowing when to move on from the ones that no longer stack up.

Since launch, the model has done just that — delivering more than a few standout success stories along the way.

As a matter of fact, our backtest suggests that going the long run is the surest path to long-term wealth generation.

Check out the 12-year outperformance of Tech Titans over the S&P 500 below:

This means a $100K principal in our strategy would have turned into an eye-popping $2,420,100.

Now is the perfect time to subscribe to InvestingPro and get up to 50% off amid the summer sale, and get access to the July list of AI-powered stock picks.",https://www.investing.com/news/stock-market-news/with-15-winners-in-july-these-aipicked-stocks-are-now-up-114-4125735
2025-07-08,03:45,"Trump sends out tariff letters, extends levy deadline","Investing.com - U.S. stock futures hover around both sides of the flatline in the wake of U.S. President Donald Trump’s latest salvo in his aggressive tariff agenda. Trump sends out letters to more than a dozen nations laying out the elevated tariffs they now face, but postponed the deadline for imposing the heightened levies. Elsewhere, China warns the Trump administration against refueling easing trade tensions.

1. Futures mixed

U.S. stock index futures traded in a mixed fashion on Tuesday. At 06:18 ET (10:18 GMT), fell 66 points, or 0.2%, while were mostly unchanged, and rose 31 points, or 0.1%.

The main averages on Wall Street ended lower on Monday, with analysts suggesting that some traders were moving to book profits after Trump’s decision to issue letters to several different countries detailing their new rate of U.S. import levies and effectively pushing back an impending tariff deadline.

Still, a belief among some market participants that Trump is willing to be flexible on tariff negotiations, as well as signs of resilient growth and cooling inflation, underpinned sentiment and helped soothe fears around the impact of the announcement, analysts at Vital Knowledge said in a note.

“While stocks suffered some pressure on Monday and tariff fears rose, bulls remain in control of the narrative,” they added.

2. Trump sends out tariff letters

Tariffs once again took center stage on Monday following Trump’s decision to send letters to 14 different nations warning of an impending increase in duties.

Although many rates were not as high as Trump initially unveiled at his “Liberation Day” event in early April, they were still greater than the baseline 10% levy now in effect.

Trump set a fresh tariff deadline of August 1 for the countries — including major suppliers Japan and South Korea — and warned these nations not to roll out retaliatory measures. The announcement extends a previous delay to the heightened duties that was set to expire on July 9, and seemingly ratchets up the pressure on these countries to quickly reach a pact with the White House.

However, when asked if the August 1 deadline was unmovable, Trump suggested that it was ""firm, but not 100% firm.""

""If they call up and they say we’d like to do something a different way, we’re going to be open to that,"" the president said.

Notably, the higher tariffs will not combine with previously announced sector tariffs such as those on automobiles, steel, and aluminum. Crucially, letters were not sent to India and the European Union, which analysts and media reports interpreted as an indication that possible trade deals may be imminent.

Japan, who along with South Korea faces a 25% tax on products sent to the U.S., signaled that it remained open to negotiations with Washington, with Prime Minister Shigeru Ishiba pledging to continue seeking a beneficial deal.

South Korean Trade Minister Yeo han-koo, meanwhile, met with U.S. Commerce Secretary Howard Lutnick on Monday and discussed possible exemptions or reductions in key auto and steel tariffs, Seoul’s trade ministry said.

3. China issues tariff warning to U.S.

Elsewhere, China warned Trump not to reignite a longstanding spat over tariffs, underlining the fragility of a recently-agreed trade truce between the world’s two biggest economies.

In June, the U.S. and China reiterated a ""framework"" trade deal following a marathon round of discussions in London, although many of its details have remained unclear, exacerbating doubts around the staying power of the detente.

China now has until August 12 to reach an agreement with Trump to prevent him from reinstating soaring tariff rates set during a tit-for-tat trade spat in April and May. Should they be imposed once again, U.S. tariffs on China would be over 100%.

A commentary in the People’s Daily, the official newspaper of the ruling Communist Party in China, called for further ""dialogue and cooperation,"" adding that these are ""the only correct path.""

But the article, which was signed using the term the paper uses to express foreign policy views, stood by its claim that Trump’s tariffs amount to ""bullying,"" and criticized smaller economies who were aiming to strike deals with the U.S. A retaliation was also threatened to any country that makes supply chain pacts with the U.S. that cut out China.

4. Crude drops

Crude prices slipped as traders eyed uncertainty over the potential impact of Trump’s tariff hikes, along with lingering concerns from rising OPEC+ output.

At 03:40 ET, futures had inched down 0.1% to $69.54 a barrel and U.S. West Texas Intermediate crude futures fell 0.2% to $67.76 a barrel.

Trump’s tariffs have prompted uncertainty across the market and concerns they could have a negative effect on the global economy and, consequently, on oil demand.

Elsewhere, the Organization of the Petroleum Exporting Countries and its allies, a group known as OPEC+, announced on Saturday that it will increase oil production by 548,000 barrels per day (bpd) in August. The hike was larger than the 411,000 bpd increases already implemented for May, June, and July.

5. Amazon Prime Day event begins

Amazon (NASDAQ: ) is due to kick off its Prime Day on Tuesday, with estimates predicting a spike in digital shopping during the longer-than-usual four-day sales event.

Online spending is anticipated to soar to $23.8 billion across U.S. retailers during Prime Day, according to a forecast from Adobe (NASDAQ: ) Analytics on Monday. Sales are seen jumping by 28.4% compared to last year’s event, which was two days long.

Executives have said the extension was due to Prime members saying they needed more time to shop for deals.

During Amazon’s previous Prime Day in July 2024, American consumers spent $14.2 billion, or a rise of 11% year-over-year, according to figures from Adobe Analytics cited by Reuters. But Prime Day has faced intensifying pressure from similar sales events from rivals like Walmart (NYSE: ), Target (NYSE: ) and, more recently, ByteDance’s TikTok Shop.

Competition to draw in younger buyers keen to snap up back-to-school and back-to-college merchandise at cheaper prices has been especially fierce. Amazon’s Prime service has even offered a discounted subscription rate and other perks to people aged 18 to 24.",https://www.investing.com/news/economy-news/trump-sends-out-tariff-letters-extends-levy-deadline--whats-moving-markets-4125727
2025-07-08,02:40,"Goldman Sachs ups S&P 500 targets on supportive policy, long-term earnings outlook By Investing.com","Investing.com -- Goldman Sachs raised its S&P 500 forecasts across the board, reflecting more supportive macro conditions and investor confidence in long-term (LT) earnings growth.

The bank now expects the index to reach 6,400 in three months, 6,600 by year-end, and 6,900 over the next twelve months. These mark increases from prior targets of 5,900, 6,100, and 6,500, and place Goldman’s year-end forecast near the top of the range among strategists.

The upward revisions are driven by several factors, including a change in monetary policy expectations.

“Earlier and deeper Fed easing and lower bond yields than we previously expected, continued fundamental strength of the largest stocks, and investors’ willingness to look through likely near-term earnings weakness support our revised S&P 500 forward P/E forecast of 22x (from 20.4x),” strategists led by David J. Kostin wrote.

Goldman kept its S&P 500 earnings growth projections unchanged at 7% for both 2025 and 2026, but noted risks related to tariffs and their impact on corporate profits. While earnings estimates remain broadly in line with consensus for 2025, Goldman is below the Street for 2026.

The bank’s strategists said recent inflation prints and corporate surveys point to lower-than-expected tariff pass-through so far.

However, they believe the digestion of tariffs will likely be gradual, and noted that large-cap companies ""appear to have some buffer from inventories ahead of the increase in tariff rates.""

“The strength of 1Q earnings results boosted our confidence that the largest stocks will sustain current investor expectations for their long-term growth for at least the next few quarters, helping support valuation for the aggregate ,” the note states.

Despite the S&P 500 reaching a fresh record, the rally remains unusually narrow. The median S&P 500 stock is still more than 10% below its 52-week high, prompting Goldman to argue that the breadth of gains is likely to improve.

“We believe a ‘catch up’ is more likely than a ‘catch down’ and expect the market rally to broaden during the next few months,” the strategists continued.

The bank’s latest positioning indicator has returned to neutral levels after remaining depressed through much of the recent rally. Historical data suggests that market upside often follows the start of a Fed cutting cycle, particularly when the economy continues to grow.

But even though Goldman expects the market rally to broaden in the coming months, it sees limited upside for small-caps and other “lower quality” stocks to sustain consistent outperformance.

The Wall Street firm continues to favor a balanced sector allocation, highlighting opportunities in Software & Services, Materials, Utilities, Media & Entertainment, and .",https://www.investing.com/news/stock-market-news/goldman-sachs-ups-sp-500-targets-on-supportive-policy-longterm-earnings-outlook-4125666
2025-07-08,02:27,"Bitcoin price today: up to $109k but tariff woes, Trump’s new deadline limit gains By Investing.com","Investing.com-- inched higher on Tuesday but gains remained restricted as new U.S. tariffs announced by President Donald Trump dampened risk appetite, while uncertainty over the tariff deadline added to investor caution.

The world’s largest cryptocurrency added 0.6% to $109,340 as of 09:48 ET (13:48 GMT).

The token has remained range-bound in recent sessions, with traders avoiding large positions amid uncertainty over global economic policy.

Trump tariffs, shifting deadline stoke investor caution

U.S. President Donald Trump on Monday began sending tariff letters, notifying 14 countries that sharply higher duties will take effect on August 1.

The list included major U.S. trading partners such as Japan and South Korea, along with smaller exporters like Serbia, Thailand, and Tunisia.

The letters outlined a 25% levy on all goods from Japan and South Korea, while some nations face up to 40% tariffs.

The new tariff rates were earlier set to take effect on July 9, but President Trump signed an executive order on Monday, delaying the deadline by three weeks to August 1.

Even after the extension, Trump said that the August deadline was ""not 100% firm,” and that he was open to alternate proposals from trade partners.

For cryptocurrencies, which often rely on broader risk sentiment and investor confidence, such uncertainty has dampened demand.

Cryptocurrencies have struggled to find clear direction in recent sessions, and the latest developments are likely to keep markets choppy.

Looking ahead, investors are focused on “Crypto Week” starting July 14, when U.S. lawmakers in Washington are expected to push forward at least three major bills aimed at regulating digital assets.

Among them are the CLARITY Act, the Anti-CBDC Surveillance State Act, and the GENIUS Act.

BlackRock (NYSE: )’s Bitcoin ETF now holds more than 700K BTC

BlackRock’s iShares Bitcoin Trust (IBIT) has surpassed 700,000 BTC in holdings, just 18 months after launching in January 2024, according to Glassnode.

At current prices, that puts its assets under management near $75.6 billion, based on CoinGecko data.

IBIT is now BlackRock’s third-highest revenue-generating fund, ahead of long-established ETFs like the iShares Core (IVV) and iShares (IWM).

While those funds hold more assets, their lower fee structures have kept them behind IBIT in revenue terms.

Crypto price today: most altcoins mixed in range-bound session

Most altcoins saw small gains and losses in a range-bound trading session amid broader U.S. tariff uncertainty.

World no.2 crypto advanced 1.2% to $2,586.27.

Bucking the trend, world no. 3 crypto gained 0.5% to $2.29, while added 1.5%.

rose 0.6%, while added around 1%.

Among meme tokens, climbed 1%, while declined 1.1%.

(Ayushman Ojha contributed to this report.)",https://www.investing.com/news/cryptocurrency-news/bitcoin-price-today-dips-to-1082k-on-tariff-woes-trumps-shifting-deadline-4125658
2025-07-07,19:53,Stock market today: S&P 500 slips as Trump’s tariff salvo sours sentiment By Investing.com,"Investing.com-- The S&P 500 slippedTuesday as investors assessed the economic impact of U.S. President Donald Trump’s latest salvo in his aggressive tariff agenda.

At 4:00 p.m. ET (20:00 GMT), the fell 165 points, or 0.4%, while the index fell 0.1%, {{14958|NASDAQ added 0.03%.

Trump says no extensions on new tariff deadline

Trump told reporters that his administration won’t grant extensions to reciprocal tariffs that were delayed to Aug. 1 from a prior deadline of July 9, keeping the economic threat of a trade war alive should negotiations prove unsuccessful before the new deadline.

Trump on Monday released letters outlining trade tariffs against a slew of Asian and African countries. He imposed a 25% levy on South Korea, Japan, Malaysia, and Kazakhstan, a 30% levy on South Africa, a 32% levy on Indonesia, a 35% levy on Bangladesh, and a 36% levy on Thailand.

Notably, the higher tariffs will not combine with previously announced sector tariffs such as those on automobiles, steel, and aluminum. Crucially, letters were not sent to India and the European Union, which analysts and media reports interpreted as an indication that possible trade deals may be imminent.

Trump’s flurry of tariff announcements represent ""decidedly mixed news"" for financial markets, according to analysts at Wolfe Research, in a note to clients.

The new tariff rates, when combined with a preliminary trade deal reached with Vietnam last week, would add $54 billion in annual government revenues, but the tariff deadline extension essentially pushes out a 90-day pause that was previously instituted after Trump announced his punishing ""reciprocal"" levies in April -- and does not remove the threat of elevated tariffs snapping back into place in the weeks ahead.

Yet investors remain largely reassured by the belief that Trump will be flexible in ongoing trade negotiations and is not keen to see markets roil as they did in the wake of his ""Liberation Day"" event, the strategists said.

""At a very basic level, nothing actually happened based on Trump sending these letters, so there’s no reason to panic over headlines. But we think these moves do contain some signal about where the trade war is heading, and that signal is mostly hawkish.""

Amazon to kick off Prime Day

In corporate news, Amazon (NASDAQ: ) kicks off its Prime Day, with estimates predicting a spike in digital shopping during the longer-than-usual four-day sales event.

Executives have said the extension was due to Prime members saying they needed more time to shop for deals.

During Amazon’s previous Prime Day in July 2024, American consumers spent $14.2 billion, or a rise of 11% year-over-year, according to figures from Adobe (NASDAQ: ) Analytics cited by Reuters.

Hershey Co (NYSE: ) fell on reports that the firm had tapped Wendy’s Kirk Tanner to be its new chief executive starting Aug. 18. Tanner is set to take over the role from Michele Buck, who has been with the company for more than 20 years.

SoFi Technologies Inc. (NASDAQ: ) jumped to a fresh record high after the company announced its expansion into alternative investment, offering users access to private companies across sectors including AI, machine learning, and space technology.

On the economic calendar, the focus this week is on the , which are due on Wednesday.

The Fed has maintained its stance on keeping rates steady until the inflationary effects of Trump’s tariffs become more clear.

Peter Nurse, Ambar Warrick contributed to this article",https://www.investing.com/news/stock-market-news/us-stock-futures-fall-as-trump-tariffs-rattle-wall-street-4125571
